Kian1010,Kian10,KianNaidu@Gmail.com,Kian,Naidu
MITCHELL,KIAN10,MITCHELL.NAIDU@YAHOO.COM,MITCHELL,NAIDU
Corwin,corwin123,corwinmoodley@gmail.com,Corwin,Moodley
RSeur,1234r,rishay@fmail.com,Rishay,Seur
suvisuvz,1234,suvisingh@gmail.com,suvania,singh
nadine13,1234,nadineperumal1314@gmail.com,nadine,perumal
lee,1234,slsmansen@gmail.com,sha-lee-sha ,mansen
shrisiv,2911,shrii@gmail.com,shrii,sivparsad
popo,popopo,po,po,po
Maria,haha,Maria0621@,maria,Theolia
KianKian,Kian,Ksa,Kian,Naidu
ajlda,KIAN,KianNaidu,als,jlds
Idk,Kian,Idk@k.com,Kian,Naidu
Bob,bobbob,Bob@Gmail.com,Bob,Marley
John123,John1234,John@Gmail.com,John,Van de Plank
ImBatman,James,007@gmail.com,James,Bond
idk,12345,Henry@Gmail.com,Henry,Smith
CD,Pw0rd,CD@Gmail.com,Cameron,Diaz
ssl123,kkkk,JJS@GMAIL.COM,Jacob,Smith
lkjads1,qwerty,ahl@gmail.com,Robert,Williams
V000,V000,V@Gmail.com,Victini,victory
Niz,25032002,nizaamkhan@gmail.com,Nizaam,khan
kian123,Kian,kn@gmail.com,kian,naidu
SirRae,raeden,naidu.raeden01@gmail.com,Raeden ,Naidu
